narration,amount,date,true_category
payment to subway for takeout ref#1299,80.0,2026-02-28,Restaurants
spotify purchase movie tickets,73.4,2026-02-08,Entertainment
home depot - shoes ref#1787,400.0,2026-02-24,Shopping
albertsons purchase produce,71.11,2026-02-25,Groceries
delivery at mcdonalds,46.59,2026-02-18,Restaurants
ubereats - coffee,29.49,2026-02-10,Restaurants
walmart wipes,85.79,2026-02-22,Baby Items
chevron fuel,48.82,2026-02-19,Transportation
metro transit pass,45.33,2026-02-07,Transportation
subway purchase dinner,36.57,2026-02-19,Restaurants
prescription pickup at cvs pharmacy,362.68,2026-02-24,Healthcare
payment to trader joes for deli,124.53,2026-02-12,Groceries
payment to target for clothing ref#1140,245.58,2026-02-24,Shopping
furniture at amazon ref#3581,264.53,2026-02-13,Shopping
parking fee at metro ref#1643,63.27,2026-02-10,Transportation
publix purchase grocery,225.27,2026-02-25,Groceries
spectrum purchase phone service,226.53,2026-02-27,Utilities
prescription pickup at dr smith clinic ref#4073,144.21,2026-02-10,Healthcare
payment to rite aid for prescription pickup ref#1940,305.3,2026-02-02,Healthcare
payment to electric company for bill payment,220.84,2026-02-12,Utilities
bakery at walmart ref#4005,167.36,2026-02-01,Groceries
payment to whole foods for bakery,100.51,2026-02-18,Groceries
produce at walmart,198.6,2026-02-19,Groceries
payment to verizon for monthly service ref#3064,141.68,2026-02-13,Utilities
payment to netflix for monthly subscription ref#5480,41.36,2026-02-26,Entertainment
walmart - stroller,87.75,2026-02-16,Baby Items
kroger - meat department ref#4100,192.45,2026-02-25,Groceries
cvs pharmacy purchase copay,226.88,2026-02-06,Healthcare
bill payment at att,186.39,2026-02-06,Utilities
payment to verizon for bill payment,207.42,2026-02-26,Utilities
dr smith clinic - lab work,239.51,2026-03-01,Healthcare
payment to whole foods for produce ref#6393,203.64,2026-02-19,Groceries
pizza hut - takeout ref#4864,58.63,2026-02-18,Restaurants
wire transfer 2527,427.88,2026-02-27,Unknown
olive garden purchase lunch ref#5790,38.54,2026-02-07,Restaurants
olive garden purchase dinner,34.92,2026-02-25,Restaurants
pizza hut delivery,27.34,2026-02-03,Restaurants
subway purchase delivery,49.54,2026-02-06,Restaurants
payment to netflix for game purchase ref#3637,150.0,2026-02-15,Entertainment
doordash - lunch,56.06,2026-02-01,Restaurants
payment to subway for lunch ref#5460,33.29,2026-02-28,Restaurants
movie tickets at netflix ref#9408,90.26,2026-02-02,Entertainment
hulu streaming service ref#1971,62.92,2026-02-15,Entertainment
produce at whole foods ref#8315,82.09,2026-02-07,Groceries
walmart wipes,35.56,2026-02-02,Baby Items
olive garden coffee,23.35,2026-02-10,Restaurants
costco purchase bakery,250.0,2026-02-12,Groceries
parking garage purchase toll,30.3,2026-02-16,Transportation
verizon - internet,160.57,2026-02-26,Utilities
payment to walgreens for checkup,199.64,2026-02-28,Healthcare
ubereats - delivery,41.41,2026-02-28,Restaurants
lyft fuel,66.07,2026-02-27,Transportation
payment to rite aid for checkup,317.99,2026-02-14,Healthcare
netflix - monthly subscription,98.44,2026-02-09,Entertainment
payment to metro for toll,58.66,2026-02-16,Transportation
check deposit # 7297,31.27,2026-02-05,Unknown
payment to spotify for concert tickets ref#9924,58.16,2026-02-15,Entertainment
whole foods - meat department,180.32,2026-03-02,Groceries
deli at publix ref#2114,129.86,2026-03-01,Groceries
wire transfer 9829,154.18,2026-02-05,Unknown
whole foods - meat department,88.18,2026-02-24,Groceries
payment to comcast for monthly service,100.08,2026-02-15,Utilities
monthly service at spectrum ref#5831,228.56,2026-02-24,Utilities
chevron purchase gas,46.23,2026-02-05,Transportation
takeout at ubereats,39.17,2026-02-17,Restaurants
cable at electric company,300.0,2026-02-19,Utilities
cash deposit 3859,476.69,2026-02-19,Unknown
taxi - toll,31.06,2026-02-18,Transportation
electric company - cable,245.34,2026-02-14,Utilities
payment to publix for bread milk eggs,122.02,2026-02-28,Groceries
ride to at taxi,92.52,2026-02-03,Transportation
trader joes weekly shopping ref#3071,96.97,2026-02-14,Groceries
kroger bakery,193.22,2026-02-16,Groceries
movie tickets at playstation ref#2263,68.38,2026-02-02,Entertainment
bp purchase ride to,61.52,2026-02-18,Transportation
walgreens purchase checkup ref#7003,168.77,2026-02-22,Healthcare
costco purchase weekly shopping,117.19,2026-02-22,Groceries
doordash - dinner,43.24,2026-02-03,Restaurants
costco purchase bread milk eggs ref#5056,127.95,2026-02-10,Groceries
whole foods grocery,250.0,2026-02-21,Groceries
cvs pharmacy - checkup,165.75,2026-02-02,Healthcare
hospital - copay,411.57,2026-02-23,Healthcare
subway delivery ref#4309,24.31,2026-03-01,Restaurants
payment to albertsons for deli,250.0,2026-02-01,Groceries
payment to concert venue for movie tickets,49.41,2026-02-05,Entertainment
produce at kroger ref#5569,128.07,2026-02-28,Groceries
payment to doordash for breakfast ref#3473,59.48,2026-02-10,Restaurants
coffee at starbucks,18.94,2026-02-03,Restaurants
payment to chipotle for takeout,22.84,2026-02-08,Restaurants
concert venue movie tickets,61.54,2026-02-02,Entertainment
bp purchase transit pass,29.83,2026-02-07,Transportation
gas at chevron ref#1389,59.69,2026-02-17,Transportation
payment to dental office for x-ray,327.73,2026-02-19,Healthcare
meat department at walmart,86.36,2026-02-01,Groceries
concert venue monthly subscription,61.7,2026-02-14,Entertainment
safeway purchase grocery,107.96,2026-02-01,Groceries
metro purchase ride to,99.67,2026-02-25,Transportation
payment to parking garage for ride to ref#7728,62.18,2026-02-22,Transportation
payment to verizon for phone service,211.92,2026-02-09,Utilities
costco bread milk eggs,157.16,2026-02-16,Groceries
payment to amc theaters for monthly subscription,89.83,2026-02-18,Entertainment
costco - bread milk eggs,58.79,2026-02-03,Groceries
disney plus purchase streaming service ref#5073,139.33,2026-02-23,Entertainment
prescription pickup at rite aid,316.39,2026-02-19,Healthcare
payment to pizza hut for breakfast,44.6,2026-02-23,Restaurants
urgent care consultation fee,175.98,2026-02-10,Healthcare
toll at shell,73.83,2026-02-10,Transportation
payment to comcast for monthly service,64.17,2026-02-25,Utilities
ubereats purchase delivery ref#2959,55.34,2026-02-13,Restaurants
payment to netflix for monthly subscription,56.15,2026-02-22,Entertainment
payment to acme corp 1592,83.51,2026-02-22,Unknown
nordstrom home goods,145.12,2026-02-18,Shopping
mobile deposit 7175,444.85,2026-02-20,Unknown
payment to spotify for concert tickets ref#4065,100.76,2026-02-22,Entertainment
parking fee at bp,94.74,2026-02-13,Transportation
weekly shopping at kroger ref#4298,76.16,2026-03-02,Groceries
cash deposit 1006,467.04,2026-02-28,Unknown
albertsons weekly shopping,50.15,2026-02-25,Groceries
payment to dr smith clinic for consultation fee ref#1503,459.54,2026-03-01,Healthcare
wire transfer 9681,50.68,2026-02-28,Unknown
payment to chipotle for takeout,49.75,2026-02-05,Restaurants
hospital purchase checkup,154.87,2026-02-07,Healthcare
check deposit # 1959,260.29,2026-02-20,Unknown
cvs pharmacy checkup,500.0,2026-02-15,Healthcare
grocery at walmart,197.43,2026-02-09,Groceries
home depot - home goods,400.0,2026-02-07,Shopping
payment to verizon for phone service,107.27,2026-02-12,Utilities
trader joes purchase weekly shopping,250.0,2026-02-05,Groceries
walgreens medicine,500.0,2026-02-28,Healthcare
doordash coffee,61.05,2026-02-11,Restaurants
buybuybaby crib ref#8986,78.98,2026-02-06,Baby Items
metro purchase toll,29.01,2026-02-08,Transportation
payment to costco for produce,137.84,2026-02-24,Groceries
publix - produce,250.0,2026-02-20,Groceries
streaming service at spotify,150.0,2026-02-06,Entertainment
bp - toll ref#3640,38.3,2026-02-13,Transportation
coffee at chipotle ref#5071,42.07,2026-03-02,Restaurants
bp ride to,53.69,2026-03-01,Transportation
disney plus - game purchase ref#8408,81.01,2026-02-03,Entertainment
lyft purchase gas,42.34,2026-02-24,Transportation
hulu streaming service,90.41,2026-02-22,Entertainment
breakfast at mcdonalds,48.53,2026-02-09,Restaurants
payment to bp for ride to,96.55,2026-02-15,Transportation
amc theaters movie tickets ref#2576,150.0,2026-02-13,Entertainment
chevron purchase gas ref#2038,40.46,2026-02-27,Transportation
best buy home goods,193.08,2026-03-02,Shopping
breakfast at pizza hut,73.52,2026-02-03,Restaurants
macys home goods,400.0,2026-02-25,Shopping
payment to metro for parking fee ref#5985,61.75,2026-02-04,Transportation
parking garage toll ref#6126,92.84,2026-02-20,Transportation
payment to nike for home goods ref#4157,246.44,2026-02-12,Shopping
payment to acme corp 1237,38.63,2026-02-22,Unknown
dinner at pizza hut,43.65,2026-02-21,Restaurants
whole foods deli,211.2,2026-02-09,Groceries
payment to buybuybaby for bottles,130.52,2026-02-08,Baby Items
rite aid purchase checkup,291.42,2026-02-12,Healthcare
electric company purchase phone service,300.0,2026-02-19,Utilities
taxi - gas ref#8438,100.0,2026-02-17,Transportation
dinner at starbucks,34.71,2026-02-16,Restaurants
monthly subscription at netflix,124.93,2026-02-21,Entertainment
medicine at walgreens ref#4611,500.0,2026-02-13,Healthcare
concert venue purchase movie tickets,69.28,2026-02-07,Entertainment
ubereats purchase breakfast,80.0,2026-02-01,Restaurants
cvs pharmacy purchase consultation fee ref#9189,436.82,2026-02-07,Healthcare
monthly subscription at spotify,69.5,2026-02-15,Entertainment
bakery at trader joes,130.5,2026-02-22,Groceries
dinner at olive garden,24.75,2026-02-23,Restaurants
whole foods purchase produce,110.5,2026-02-16,Groceries
doordash - dinner,35.87,2026-02-08,Restaurants
electric company internet,233.98,2026-02-15,Utilities
playstation - streaming service,20.55,2026-02-17,Entertainment
spotify - concert tickets,150.0,2026-02-27,Entertainment
shell purchase fuel,76.09,2026-02-26,Transportation
walmart weekly shopping,170.07,2026-02-27,Groceries
cash deposit 7763,217.86,2026-02-28,Unknown
olive garden - takeout,26.62,2026-02-16,Restaurants
payment to cvs pharmacy for x-ray,244.53,2026-02-18,Healthcare
delivery at mcdonalds,32.59,2026-02-09,Restaurants
urgent care - prescription pickup,222.55,2026-02-26,Healthcare
online order at best buy,358.31,2026-02-17,Shopping
whole foods grocery,250.0,2026-02-12,Groceries
payment to pizza hut for takeout ref#7112,57.5,2026-02-28,Restaurants
bread milk eggs at kroger,119.95,2026-02-09,Groceries
home depot clothing,326.48,2026-02-23,Shopping
kroger purchase grocery,250.0,2026-02-21,Groceries
payment to doordash for coffee,35.31,2026-02-18,Restaurants
taxi purchase fuel,84.71,2026-02-20,Transportation
water company - bill payment ref#6650,235.84,2026-02-19,Utilities
payment to spotify for movie tickets,101.55,2026-03-01,Entertainment
payment to doordash for delivery ref#1507,38.01,2026-02-09,Restaurants
payment to dental office for medicine ref#3638,163.69,2026-02-27,Healthcare
albertsons deli,154.23,2026-02-25,Groceries
playstation game purchase ref#9880,56.72,2026-02-16,Entertainment
metro - toll,45.28,2026-02-19,Transportation
rite aid x-ray ref#6767,284.75,2026-02-22,Healthcare
mcdonalds purchase breakfast,28.91,2026-02-28,Restaurants
dental office - checkup,448.69,2026-02-25,Healthcare
payment to nordstrom for electronics,400.0,2026-02-03,Shopping
payment to safeway for deli ref#3895,109.01,2026-02-15,Groceries
kroger purchase bread milk eggs,250.0,2026-02-16,Groceries
payment to dr smith clinic for checkup,216.48,2026-02-15,Healthcare
albertsons bakery,85.59,2026-02-11,Groceries
amc theaters purchase game purchase,56.91,2026-02-28,Entertainment
safeway - produce,160.07,2026-02-02,Groceries
payment to chipotle for lunch,80.0,2026-02-06,Restaurants
check deposit # 8395,173.11,2026-02-08,Unknown
amc theaters purchase game purchase,78.66,2026-02-24,Entertainment
onesie at babies r us,31.54,2026-02-02,Baby Items
netflix purchase concert tickets,51.09,2026-02-02,Entertainment
electronics at ikea ref#7998,123.8,2026-02-12,Shopping
target purchase onesie,40.53,2026-02-16,Baby Items
subway takeout ref#7874,48.61,2026-02-18,Restaurants
subway - takeout,24.94,2026-02-06,Restaurants
concert venue purchase monthly subscription,67.08,2026-03-02,Entertainment
deli at publix,90.12,2026-02-07,Groceries
verizon purchase phone service ref#9141,110.13,2026-02-03,Utilities
publix - bread milk eggs,104.03,2026-02-11,Groceries
pg&e internet,177.27,2026-02-05,Utilities
olive garden - dinner,44.99,2026-02-09,Restaurants
takeout at chipotle,69.53,2026-02-14,Restaurants
att - bill payment,70.58,2026-02-20,Utilities
payment to dr smith clinic for x-ray,461.92,2026-02-06,Healthcare
water company cable,111.88,2026-02-27,Utilities
olive garden - takeout,9.05,2026-02-07,Restaurants
starbucks purchase takeout,64.13,2026-02-20,Restaurants
nordstrom - electronics,213.02,2026-02-02,Shopping
spotify purchase concert tickets,66.91,2026-02-01,Entertainment
bill payment at water company,132.47,2026-02-16,Utilities
metro transit pass,31.75,2026-02-07,Transportation
safeway purchase meat department ref#1494,161.63,2026-02-07,Groceries
payment to disney plus for concert tickets,88.34,2026-02-25,Entertainment
olive garden purchase delivery,80.0,2026-02-17,Restaurants
bill payment at verizon ref#8642,182.67,2026-02-17,Utilities
dinner at mcdonalds ref#9872,37.87,2026-02-26,Restaurants
shell purchase toll,50.44,2026-02-21,Transportation
nordstrom purchase home goods,354.29,2026-02-19,Shopping
payment to buybuybaby for wipes,150.0,2026-02-11,Baby Items
coffee at doordash,46.27,2026-02-22,Restaurants
pizza hut - breakfast,29.06,2026-02-02,Restaurants
walmart - deli,106.21,2026-02-04,Groceries
payment to pizza hut for breakfast,29.22,2026-02-24,Restaurants
payment to costco for produce,83.34,2026-02-09,Groceries
copay at urgent care,147.4,2026-02-18,Healthcare
payment to spotify for game purchase ref#2004,64.59,2026-02-02,Entertainment
concert tickets at playstation,139.27,2026-02-17,Entertainment
payment to mcdonalds for lunch,49.94,2026-02-26,Restaurants
payment to babies r us for pacifier,50.98,2026-02-01,Baby Items
wire transfer 4392,153.73,2026-02-12,Unknown
walgreens purchase copay,208.81,2026-02-21,Healthcare
copay at dr smith clinic,135.78,2026-02-03,Healthcare
uber purchase gas ref#2530,64.56,2026-02-17,Transportation
bread milk eggs at safeway,176.7,2026-02-12,Groceries
steam monthly subscription,128.91,2026-02-18,Entertainment
starbucks delivery,62.4,2026-02-04,Restaurants
parking fee at chevron,28.7,2026-02-13,Transportation
babies r us purchase pampers diapers ref#8043,150.0,2026-02-21,Baby Items
lyft - gas,49.5,2026-02-23,Transportation
albertsons purchase deli ref#3384,175.44,2026-02-02,Groceries
metro - parking fee,99.32,2026-02-07,Transportation
payment to trader joes for bread milk eggs ref#8955,83.21,2026-02-06,Groceries
mcdonalds purchase delivery,80.0,2026-03-02,Restaurants
coffee at mcdonalds,80.0,2026-03-02,Restaurants
pizza hut purchase delivery ref#4976,77.36,2026-02-13,Restaurants
shoes at nike,400.0,2026-02-25,Shopping
cable at verizon ref#1609,91.5,2026-02-01,Utilities
lunch at starbucks,80.0,2026-02-28,Restaurants
att purchase cable,140.22,2026-02-04,Utilities
uber purchase gas,39.14,2026-02-28,Transportation
online order at nike ref#9144,250.78,2026-02-05,Shopping
albertsons produce,120.1,2026-02-25,Groceries
verizon bill payment ref#4411,255.18,2026-02-11,Utilities
kroger purchase deli ref#8908,250.0,2026-02-22,Groceries
payment to whole foods for deli,129.15,2026-02-07,Groceries
lab work at urgent care,329.93,2026-02-26,Healthcare
doordash - coffee,61.8,2026-02-14,Restaurants
olive garden purchase dinner,80.0,2026-02-02,Restaurants
payment to netflix for movie tickets ref#8031,93.87,2026-02-21,Entertainment
walmart onesie,85.03,2026-02-06,Baby Items
walmart - bakery ref#7004,128.37,2026-02-23,Groceries
payment to amc theaters for concert tickets,71.5,2026-02-18,Entertainment
payment to playstation for concert tickets,55.2,2026-02-11,Entertainment
bread milk eggs at kroger,114.73,2026-02-20,Groceries
shoes at nike,116.5,2026-02-15,Shopping
concert venue - streaming service,31.78,2026-02-06,Entertainment
pizza hut takeout ref#7014,47.27,2026-02-05,Restaurants
costco - bakery,116.48,2026-02-18,Groceries
playstation purchase game purchase,98.96,2026-02-02,Entertainment
target online order ref#1771,170.59,2026-02-22,Shopping
takeout at subway ref#8265,17.1,2026-02-17,Restaurants
safeway purchase meat department ref#5863,215.14,2026-02-06,Groceries
payment to walmart for weekly shopping ref#5107,50.0,2026-02-20,Groceries
parking fee at taxi,94.28,2026-02-23,Transportation
ikea - electronics,171.45,2026-02-12,Shopping
takeout at ubereats,60.18,2026-02-26,Restaurants
whole foods meat department,142.41,2026-02-20,Groceries
shell transit pass,31.83,2026-02-14,Transportation
pacifier at babies r us,150.0,2026-02-28,Baby Items
atm withdrawal 3294,416.63,2026-02-08,Unknown
fuel at bp,54.74,2026-02-09,Transportation
coffee at pizza hut,74.65,2026-02-27,Restaurants
amc theaters - streaming service ref#1451,38.1,2026-02-27,Entertainment
payment to acme corp 6889,30.67,2026-02-13,Unknown
albertsons weekly shopping ref#6003,168.29,2026-03-02,Groceries
streaming service at playstation,75.79,2026-02-12,Entertainment
payment to macys for clothing,400.0,2026-02-21,Shopping
payment to hulu for streaming service,150.0,2026-02-22,Entertainment
payment to costco for meat department ref#9518,198.69,2026-02-11,Groceries
concert tickets at disney plus,65.35,2026-02-01,Entertainment
transit pass at taxi,72.78,2026-02-18,Transportation
urgent care prescription pickup,293.84,2026-02-21,Healthcare
coffee at starbucks,29.79,2026-02-04,Restaurants
target purchase pampers diapers,99.02,2026-03-01,Baby Items
cable at verizon,92.5,2026-03-01,Utilities
payment to concert venue for monthly subscription ref#5854,31.82,2026-02-11,Entertainment
rite aid - x-ray,192.56,2026-02-02,Healthcare
netflix purchase concert tickets ref#1246,119.91,2026-02-27,Entertainment
payment to olive garden for breakfast ref#7131,52.56,2026-02-23,Restaurants
payment to buybuybaby for bottles,90.24,2026-02-10,Baby Items
walmart baby food,33.77,2026-02-10,Baby Items
clothing at best buy,258.66,2026-02-02,Shopping
ikea online order,119.85,2026-02-19,Shopping
starbucks - coffee ref#5213,43.31,2026-02-07,Restaurants
payment to acme corp 6393,444.32,2026-02-24,Unknown
ubereats purchase takeout,73.98,2026-02-15,Restaurants
coffee at olive garden,67.0,2026-02-25,Restaurants
chipotle - dinner,80.0,2026-02-06,Restaurants
whole foods - bakery,114.12,2026-02-01,Groceries
monthly subscription at spotify ref#7033,56.56,2026-02-17,Entertainment
uber - ride to,64.7,2026-02-25,Transportation
payment to home depot for home goods,102.55,2026-02-01,Shopping
chipotle - lunch,22.52,2026-02-01,Restaurants
doordash - lunch,44.89,2026-02-19,Restaurants
whole foods - grocery,180.27,2026-02-28,Groceries
safeway weekly shopping,250.0,2026-02-28,Groceries
electric company internet,138.1,2026-02-26,Utilities
safeway purchase bakery ref#7340,250.0,2026-02-13,Groceries
payment to subway for delivery,62.93,2026-02-10,Restaurants
whole foods - meat department ref#4889,250.0,2026-02-10,Groceries
payment to costco for meat department,250.0,2026-02-14,Groceries
shell - transit pass ref#7265,30.0,2026-02-21,Transportation
game purchase at concert venue ref#1126,122.86,2026-03-02,Entertainment
payment to verizon for monthly service,50.0,2026-03-01,Utilities
formula at babies r us,53.04,2026-02-01,Baby Items
payment to att for phone service,156.58,2026-02-08,Utilities
walmart purchase onesie,60.08,2026-02-27,Baby Items
publix - weekly shopping,183.85,2026-03-02,Groceries
payment to babies r us for stroller,150.0,2026-02-07,Baby Items
parking garage - gas,39.48,2026-02-23,Transportation
publix grocery,218.5,2026-02-26,Groceries
amc theaters concert tickets,61.95,2026-02-15,Entertainment
starbucks purchase lunch ref#9783,80.0,2026-02-22,Restaurants
payment to amazon for clothing,400.0,2026-02-12,Shopping
albertsons purchase deli ref#1501,77.85,2026-02-08,Groceries
crib at babies r us ref#3104,63.65,2026-02-16,Baby Items
payment to walmart for wipes,116.59,2026-02-05,Baby Items
chipotle purchase lunch,40.07,2026-02-01,Restaurants
atm withdrawal 4940,247.38,2026-02-10,Unknown
payment to playstation for monthly subscription,51.41,2026-02-18,Entertainment
doordash dinner ref#4595,70.32,2026-02-14,Restaurants
walmart weekly shopping,250.0,2026-02-16,Groceries
dinner at starbucks,43.71,2026-02-05,Restaurants
transit pass at bp,22.14,2026-02-17,Transportation
payment to pg&e for phone service,162.14,2026-02-09,Utilities
furniture at nordstrom,120.39,2026-02-21,Shopping
streaming service at spotify,25.78,2026-02-06,Entertainment
payment to costco for weekly shopping,224.05,2026-02-26,Groceries
spectrum - bill payment,98.63,2026-02-25,Utilities
nordstrom - electronics,138.71,2026-02-16,Shopping
payment to trader joes for grocery,154.0,2026-02-13,Groceries
pizza hut lunch,37.65,2026-02-02,Restaurants
amazon purchase wipes ref#8791,125.63,2026-02-22,Baby Items
parking garage purchase fuel,55.12,2026-02-22,Transportation
olive garden breakfast,24.84,2026-02-21,Restaurants
disney plus purchase game purchase,150.0,2026-02-12,Entertainment
furniture at macys,394.79,2026-02-09,Shopping
chevron purchase toll ref#2870,81.63,2026-02-23,Transportation
amazon - online order,229.5,2026-02-20,Shopping
doordash - lunch,52.61,2026-02-18,Restaurants
buybuybaby purchase bottles,53.45,2026-03-02,Baby Items
payment to publix for deli,176.05,2026-02-09,Groceries
amc theaters game purchase,145.53,2026-02-14,Entertainment
payment to albertsons for grocery,85.94,2026-02-13,Groceries
payment to kroger for grocery,128.73,2026-02-27,Groceries
uber - gas,18.66,2026-02-23,Transportation
payment to acme corp 3066,346.18,2026-02-05,Unknown
taxi purchase toll,93.15,2026-02-23,Transportation
bread milk eggs at kroger ref#3830,107.44,2026-02-23,Groceries
venmo payment 6259,152.47,2026-02-04,Unknown
payment to nordstrom for home goods ref#4402,138.78,2026-02-10,Shopping
safeway weekly shopping,232.04,2026-02-10,Groceries
steam - game purchase,93.25,2026-02-23,Entertainment
weekly shopping at albertsons,171.52,2026-02-01,Groceries
olive garden dinner,60.3,2026-02-03,Restaurants
fuel at metro,18.7,2026-02-11,Transportation
payment to mcdonalds for lunch,35.08,2026-02-26,Restaurants
playstation movie tickets ref#5437,73.01,2026-02-17,Entertainment
walmart bakery ref#8563,250.0,2026-02-01,Groceries
payment to bp for ride to,71.52,2026-02-09,Transportation
doordash takeout,29.72,2026-02-11,Restaurants
whole foods weekly shopping ref#7249,59.67,2026-02-16,Groceries
electric company purchase bill payment ref#8978,174.33,2026-03-01,Utilities
safeway - weekly shopping,250.0,2026-02-01,Groceries
amazon - electronics,400.0,2026-02-13,Shopping
produce at albertsons ref#2530,124.38,2026-02-26,Groceries
subway purchase breakfast,42.89,2026-02-04,Restaurants
breakfast at chipotle,25.75,2026-02-05,Restaurants
verizon purchase internet ref#4396,189.8,2026-02-22,Utilities
payment to playstation for streaming service ref#9325,150.0,2026-02-23,Entertainment
publix - bakery,250.0,2026-02-18,Groceries
payment to walgreens for medicine,193.17,2026-02-06,Healthcare
costco produce,89.17,2026-02-08,Groceries
transfer to john doe 6144,64.48,2026-02-04,Unknown
payment to albertsons for bread milk eggs,155.54,2026-02-08,Groceries
dental office purchase prescription pickup,265.81,2026-02-12,Healthcare
att - cable,74.47,2026-02-08,Utilities
shell toll,71.27,2026-02-15,Transportation
hospital - x-ray,113.89,2026-02-19,Healthcare
bakery at walmart,136.19,2026-02-23,Groceries
starbucks dinner ref#4823,43.91,2026-02-18,Restaurants
nordstrom - shoes,110.01,2026-02-26,Shopping
spotify - movie tickets,150.0,2026-03-02,Entertainment
mcdonalds lunch,14.53,2026-02-14,Restaurants
produce at walmart,250.0,2026-02-01,Groceries
movie tickets at steam,45.52,2026-02-03,Entertainment
concert venue movie tickets,89.43,2026-02-07,Entertainment
whole foods - weekly shopping,250.0,2026-02-01,Groceries
payment to shell for parking fee,26.08,2026-02-25,Transportation
payment to uber for parking fee,31.14,2026-02-17,Transportation
ubereats delivery,48.12,2026-02-20,Restaurants
macys - home goods,400.0,2026-02-20,Shopping
olive garden purchase takeout,52.66,2026-02-14,Restaurants
bread milk eggs at trader joes ref#9277,246.4,2026-03-02,Groceries
comcast bill payment,140.09,2026-02-05,Utilities
lyft transit pass ref#1722,68.09,2026-02-20,Transportation
delivery at olive garden ref#9778,27.89,2026-02-16,Restaurants
amazon shoes ref#7397,289.92,2026-02-03,Shopping
parking garage - toll ref#8864,65.22,2026-02-20,Transportation
payment to best buy for online order ref#4687,396.29,2026-02-07,Shopping
transfer to john doe 2236,212.43,2026-02-14,Unknown
payment to mcdonalds for coffee,69.13,2026-02-19,Restaurants
payment to trader joes for weekly shopping ref#6929,67.85,2026-03-02,Groceries
doordash delivery ref#3015,20.1,2026-02-21,Restaurants
payment to dental office for consultation fee,369.66,2026-02-03,Healthcare
payment to concert venue for streaming service,44.57,2026-02-25,Entertainment
payment to best buy for online order,240.34,2026-02-11,Shopping
subway delivery ref#5831,31.18,2026-02-10,Restaurants
home depot - home goods,400.0,2026-02-27,Shopping
target pacifier,67.09,2026-02-06,Baby Items
copay at walgreens,309.69,2026-02-17,Healthcare
venmo payment 8314,40.57,2026-02-27,Unknown
concert tickets at spotify ref#1504,62.14,2026-02-14,Entertainment
macys - shoes,366.99,2026-02-19,Shopping
movie tickets at spotify,60.2,2026-02-25,Entertainment
metro - transit pass,30.02,2026-02-01,Transportation
amc theaters game purchase ref#5099,52.77,2026-02-09,Entertainment
doordash breakfast ref#9587,19.67,2026-02-12,Restaurants
payment to comcast for cable,300.0,2026-03-01,Utilities
playstation - game purchase ref#2251,150.0,2026-02-09,Entertainment
best buy - home goods,322.85,2026-02-05,Shopping
takeout at mcdonalds,80.0,2026-02-01,Restaurants
amc theaters - movie tickets,115.39,2026-02-04,Entertainment
payment to metro for transit pass ref#3878,100.0,2026-02-15,Transportation
amazon purchase electronics,189.02,2026-03-01,Shopping
payment to taxi for fuel ref#8006,42.74,2026-02-04,Transportation
payment to lyft for transit pass,86.84,2026-02-14,Transportation
nike purchase electronics,291.69,2026-02-19,Shopping
ubereats - dinner,65.58,2026-02-27,Restaurants
payment to costco for deli ref#1433,134.13,2026-02-19,Groceries
payment to acme corp 2387,127.39,2026-02-08,Unknown
costco purchase deli,169.67,2026-02-17,Groceries
netflix - movie tickets,121.69,2026-02-11,Entertainment
whole foods produce,87.93,2026-02-13,Groceries
payment to target for formula,119.14,2026-02-11,Baby Items
payment to nike for online order ref#3950,202.38,2026-02-10,Shopping
att - monthly service,82.2,2026-02-24,Utilities
comcast - cable,95.46,2026-02-03,Utilities
pizza hut delivery,64.5,2026-02-02,Restaurants
produce at trader joes ref#3855,180.52,2026-02-20,Groceries
payment to target for baby lotion,145.79,2026-02-01,Baby Items
mcdonalds dinner,23.68,2026-02-17,Restaurants
shell purchase toll,100.0,2026-02-10,Transportation
payment to ubereats for lunch,16.79,2026-02-07,Restaurants
urgent care medicine,220.84,2026-02-01,Healthcare
spectrum cable,300.0,2026-02-20,Utilities
pampers diapers at buybuybaby ref#8132,150.0,2026-02-06,Baby Items
bakery at costco,198.69,2026-02-07,Groceries
spectrum purchase bill payment ref#6243,248.21,2026-02-14,Utilities
payment to disney plus for game purchase,45.47,2026-02-07,Entertainment
chevron purchase toll,96.71,2026-02-17,Transportation
walmart purchase weekly shopping ref#5278,231.9,2026-02-17,Groceries
trader joes grocery,170.23,2026-02-24,Groceries
payment to ubereats for lunch,32.29,2026-02-02,Restaurants
mcdonalds dinner,39.35,2026-02-07,Restaurants
comcast internet,149.21,2026-02-01,Utilities
pizza hut coffee,36.53,2026-02-21,Restaurants
bp parking fee ref#5384,56.88,2026-02-05,Transportation
lyft purchase toll ref#8538,25.77,2026-02-23,Transportation
lunch at starbucks,36.35,2026-02-12,Restaurants
wire transfer 6989,484.41,2026-02-04,Unknown
dinner at starbucks,80.0,2026-02-11,Restaurants
mcdonalds - takeout,70.9,2026-02-16,Restaurants
subway delivery ref#9459,54.49,2026-02-16,Restaurants
payment to safeway for meat department,82.16,2026-02-03,Groceries
amc theaters - movie tickets ref#3464,53.75,2026-02-20,Entertainment
home goods at nike,377.66,2026-02-16,Shopping
playstation movie tickets,132.15,2026-02-14,Entertainment
babies r us purchase baby lotion,150.0,2026-02-03,Baby Items
payment to playstation for monthly subscription,51.18,2026-02-07,Entertainment
playstation game purchase ref#8587,150.0,2026-02-14,Entertainment
publix - deli,129.64,2026-02-08,Groceries
payment to amazon for wipes ref#6949,133.16,2026-03-02,Baby Items
whole foods grocery ref#6049,120.45,2026-02-26,Groceries
playstation movie tickets ref#6479,42.74,2026-02-27,Entertainment
metro parking fee ref#6797,100.0,2026-02-26,Transportation
lyft purchase toll,79.3,2026-02-20,Transportation
shoes at amazon,249.02,2026-02-09,Shopping
grocery at costco,103.03,2026-02-09,Groceries
spectrum purchase bill payment ref#6107,123.62,2026-02-07,Utilities
pizza hut - lunch ref#3104,67.34,2026-02-13,Restaurants
payment to costco for deli,250.0,2026-02-14,Groceries
delivery at starbucks,69.26,2026-02-04,Restaurants
kroger - grocery ref#9189,228.21,2026-02-20,Groceries
kroger bread milk eggs,127.12,2026-02-21,Groceries
kroger - weekly shopping,153.71,2026-02-08,Groceries
venmo payment 8285,179.01,2026-02-22,Unknown
uber gas,92.6,2026-02-09,Transportation
trader joes purchase bakery,80.28,2026-02-02,Groceries
bottles at babies r us,108.02,2026-02-13,Baby Items
concert venue - monthly subscription,150.0,2026-02-26,Entertainment
electronics at best buy,165.64,2026-02-01,Shopping
prescription pickup at hospital,107.9,2026-02-08,Healthcare
target online order ref#9268,400.0,2026-02-16,Shopping
att purchase internet,97.82,2026-02-23,Utilities
costco meat department ref#5592,73.38,2026-02-06,Groceries
delivery at starbucks ref#7938,21.57,2026-02-11,Restaurants
payment to disney plus for movie tickets,29.66,2026-02-10,Entertainment
amazon purchase home goods,119.69,2026-02-27,Shopping
urgent care - checkup,406.51,2026-02-28,Healthcare
water company - cable ref#7093,175.29,2026-02-07,Utilities
payment to electric company for phone service,104.72,2026-02-11,Utilities
metro purchase toll,38.94,2026-02-25,Transportation
baby lotion at amazon,78.05,2026-02-12,Baby Items
kroger purchase deli,191.91,2026-03-01,Groceries
albertsons weekly shopping ref#4500,109.9,2026-02-27,Groceries
olive garden purchase delivery,14.68,2026-02-23,Restaurants
publix - bakery ref#1613,113.52,2026-02-02,Groceries
parking fee at taxi,71.13,2026-02-20,Transportation
playstation game purchase,145.43,2026-03-01,Entertainment
payment to lyft for parking fee ref#4918,26.9,2026-02-03,Transportation
movie tickets at disney plus,50.03,2026-02-23,Entertainment
mcdonalds lunch,46.67,2026-02-17,Restaurants
ubereats coffee,64.79,2026-03-01,Restaurants
payment to pg&e for bill payment ref#2140,131.8,2026-02-22,Utilities
payment to taxi for fuel,99.59,2026-03-01,Transportation
check deposit # 3292,254.0,2026-02-06,Unknown
chipotle - lunch,33.56,2026-02-02,Restaurants
mcdonalds - breakfast,36.96,2026-02-14,Restaurants
ikea purchase clothing,334.78,2026-02-05,Shopping
payment to urgent care for consultation fee,339.36,2026-02-21,Healthcare
electric company - bill payment,300.0,2026-02-13,Utilities
payment to nordstrom for online order,313.19,2026-02-10,Shopping
mcdonalds purchase delivery,80.0,2026-02-07,Restaurants
spotify streaming service,47.15,2026-02-26,Entertainment
gas at bp,36.89,2026-02-12,Transportation
nordstrom purchase furniture ref#4002,175.32,2026-02-19,Shopping
shell - toll,46.81,2026-02-27,Transportation
payment to babies r us for baby lotion ref#5485,129.85,2026-02-09,Baby Items
ubereats - coffee,80.0,2026-02-08,Restaurants
best buy - furniture,140.72,2026-02-13,Shopping
payment to albertsons for produce ref#1958,152.96,2026-03-02,Groceries
kroger purchase produce ref#4878,71.35,2026-02-04,Groceries
uber purchase gas,32.75,2026-02-07,Transportation
payment to hulu for monthly subscription,71.45,2026-02-02,Entertainment
whole foods grocery,127.15,2026-02-07,Groceries
walmart baby lotion ref#1202,141.98,2026-02-08,Baby Items
bill payment at electric company ref#3232,300.0,2026-02-10,Utilities
onesie at walmart ref#6330,141.98,2026-02-10,Baby Items
safeway purchase bread milk eggs ref#8644,99.61,2026-02-22,Groceries
transfer to john doe 6000,305.51,2026-02-19,Unknown
water company internet ref#5618,271.65,2026-02-13,Utilities
electronics at home depot,279.79,2026-03-02,Shopping
payment to safeway for bread milk eggs,250.0,2026-02-13,Groceries
transit pass at taxi ref#6160,71.84,2026-02-27,Transportation
home depot purchase furniture,267.51,2026-02-15,Shopping
playstation - concert tickets,73.61,2026-02-01,Entertainment
dental office x-ray,288.65,2026-03-01,Healthcare
coffee at mcdonalds,80.0,2026-02-16,Restaurants
walmart purchase weekly shopping,117.29,2026-02-18,Groceries
payment to mcdonalds for lunch,80.0,2026-03-01,Restaurants
payment to albertsons for meat department,113.25,2026-02-03,Groceries
ride to at chevron ref#8692,11.77,2026-02-22,Transportation
produce at safeway,88.52,2026-02-09,Groceries
buybuybaby crib,150.0,2026-02-13,Baby Items
grocery at safeway ref#7174,250.0,2026-02-28,Groceries
metro purchase toll,42.53,2026-02-03,Transportation
costco produce,151.77,2026-02-12,Groceries
coffee at pizza hut,23.65,2026-02-21,Restaurants
verizon purchase internet,169.0,2026-02-23,Utilities
shell - ride to,97.64,2026-02-20,Transportation
starbucks purchase breakfast,31.99,2026-02-05,Restaurants
check deposit # 8769,333.63,2026-02-01,Unknown
subway breakfast,63.46,2026-02-27,Restaurants
bp purchase ride to ref#2407,42.85,2026-02-07,Transportation
payment to pizza hut for dinner ref#7404,58.04,2026-02-16,Restaurants
payment to spectrum for monthly service,221.66,2026-02-05,Utilities
buybuybaby purchase stroller,41.68,2026-02-24,Baby Items
wipes at amazon,101.84,2026-02-28,Baby Items
chipotle purchase coffee,40.51,2026-02-01,Restaurants
nordstrom purchase shoes,108.82,2026-02-12,Shopping
dental office - lab work,378.58,2026-02-07,Healthcare
check deposit # 9364,31.51,2026-02-17,Unknown
bread milk eggs at publix,118.8,2026-02-01,Groceries
dr smith clinic purchase x-ray,318.67,2026-02-13,Healthcare
macys - electronics,193.93,2026-02-19,Shopping
stroller at walmart ref#3650,47.63,2026-03-02,Baby Items
venmo payment 1326,176.25,2026-02-19,Unknown
monthly subscription at concert venue,68.93,2026-02-27,Entertainment
wire transfer 6617,269.55,2026-02-26,Unknown
steam - movie tickets,64.72,2026-02-02,Entertainment
doordash purchase dinner,30.9,2026-02-02,Restaurants
uber - transit pass,100.0,2026-02-14,Transportation
bakery at whole foods,168.37,2026-02-09,Groceries
ikea - furniture ref#9503,189.89,2026-03-02,Shopping
amc theaters - movie tickets ref#6238,136.33,2026-02-17,Entertainment
payment to steam for concert tickets,75.04,2026-02-18,Entertainment
olive garden - takeout,27.25,2026-02-06,Restaurants
payment to steam for monthly subscription ref#5294,92.31,2026-02-21,Entertainment
check deposit # 8755,397.84,2026-02-02,Unknown
amazon - bottles ref#1254,110.25,2026-02-15,Baby Items
bread milk eggs at albertsons,246.47,2026-02-22,Groceries
electronics at macys,400.0,2026-02-03,Shopping
walgreens - prescription pickup,232.13,2026-02-02,Healthcare
babies r us - baby lotion ref#6033,150.0,2026-02-04,Baby Items
home depot purchase clothing,400.0,2026-02-27,Shopping
trader joes produce,167.32,2026-02-01,Groceries
walmart weekly shopping,32.65,2026-02-10,Groceries
online order at nike ref#7910,290.66,2026-02-23,Shopping
lab work at rite aid ref#8961,255.66,2026-02-26,Healthcare
bakery at costco,159.68,2026-02-17,Groceries
bill payment at verizon ref#8570,88.98,2026-02-21,Utilities
pg&e purchase internet,126.54,2026-02-03,Utilities
ubereats - lunch,43.54,2026-02-02,Restaurants
best buy - home goods,239.33,2026-02-12,Shopping
water company purchase internet ref#3495,300.0,2026-02-05,Utilities
ikea purchase home goods ref#6574,231.86,2026-02-12,Shopping
spectrum internet ref#4902,113.74,2026-02-10,Utilities
payment to pg&e for phone service ref#8310,300.0,2026-02-18,Utilities
grocery at walmart ref#3005,150.24,2026-02-01,Groceries
venmo payment 5013,472.44,2026-02-07,Unknown
whole foods weekly shopping ref#8135,109.99,2026-02-25,Groceries
costco - weekly shopping,119.25,2026-02-05,Groceries
payment to whole foods for weekly shopping,115.11,2026-02-23,Groceries
urgent care purchase copay,184.26,2026-02-07,Healthcare
concert tickets at netflix,81.28,2026-02-18,Entertainment
netflix purchase monthly subscription,150.0,2026-02-18,Entertainment
home depot - home goods,230.63,2026-02-15,Shopping
walmart grocery,200.11,2026-02-11,Groceries
doordash lunch,40.94,2026-02-24,Restaurants
target purchase shoes,196.26,2026-03-02,Shopping
toll at shell,100.0,2026-02-10,Transportation
payment to acme corp 3455,359.61,2026-02-01,Unknown
payment to spotify for movie tickets ref#5770,50.59,2026-03-01,Entertainment
online order at target,202.04,2026-02-09,Shopping
walmart - bread milk eggs ref#9015,250.0,2026-02-18,Groceries
uber - toll,60.7,2026-02-25,Transportation
lunch at doordash,45.1,2026-02-09,Restaurants
monthly service at electric company,215.13,2026-03-02,Utilities
payment to uber for parking fee ref#4562,43.01,2026-02-17,Transportation
hospital checkup ref#5610,104.65,2026-02-21,Healthcare
electronics at macys,119.27,2026-02-17,Shopping
babies r us baby food ref#2135,91.78,2026-02-14,Baby Items
olive garden coffee,27.78,2026-02-02,Restaurants
mcdonalds breakfast,29.23,2026-02-05,Restaurants
amazon purchase pacifier,56.61,2026-02-12,Baby Items
starbucks purchase lunch,80.0,2026-02-10,Restaurants
coffee at chipotle,37.73,2026-02-24,Restaurants
payment to trader joes for deli ref#3230,134.61,2026-03-01,Groceries
best buy purchase clothing ref#5278,265.09,2026-02-24,Shopping
streaming service at concert venue,40.16,2026-02-28,Entertainment
albertsons purchase weekly shopping,59.18,2026-02-03,Groceries
bakery at albertsons,250.0,2026-02-08,Groceries
amazon purchase wipes,51.96,2026-02-06,Baby Items
nike purchase home goods,127.28,2026-02-12,Shopping
walmart purchase bakery ref#6789,250.0,2026-02-27,Groceries
home depot - online order,204.33,2026-02-12,Shopping
water company phone service,300.0,2026-02-24,Utilities
starbucks purchase breakfast,37.51,2026-02-14,Restaurants
ubereats delivery,80.0,2026-02-26,Restaurants
rite aid - copay ref#9548,499.21,2026-02-07,Healthcare
nike electronics,354.44,2026-02-28,Shopping
parking fee at parking garage,77.86,2026-02-21,Transportation
wire transfer 3349,155.31,2026-02-26,Unknown
payment to playstation for monthly subscription,103.27,2026-03-01,Entertainment
payment to kroger for deli,71.32,2026-02-23,Groceries
payment to spotify for movie tickets,47.97,2026-02-22,Entertainment
produce at kroger,220.4,2026-02-28,Groceries
payment to costco for bakery,210.01,2026-03-01,Groceries
ikea shoes ref#3196,160.76,2026-02-26,Shopping
hospital - medicine,388.54,2026-02-08,Healthcare
cvs pharmacy purchase x-ray,500.0,2026-02-04,Healthcare
disney plus concert tickets,69.39,2026-02-06,Entertainment
starbucks breakfast,25.84,2026-02-16,Restaurants
mcdonalds - coffee,30.92,2026-02-12,Restaurants
rite aid purchase lab work,354.0,2026-02-11,Healthcare
meat department at publix,68.23,2026-02-02,Groceries
shell - parking fee,29.52,2026-02-17,Transportation
deli at walmart ref#1668,118.83,2026-02-20,Groceries
olive garden purchase takeout,27.17,2026-02-25,Restaurants
furniture at home depot,107.87,2026-02-03,Shopping
x-ray at rite aid,479.94,2026-02-23,Healthcare
hulu - concert tickets,18.66,2026-02-25,Entertainment
toll at uber ref#2884,53.52,2026-02-13,Transportation
netflix - movie tickets ref#7809,30.22,2026-02-01,Entertainment
bread milk eggs at safeway,83.52,2026-02-15,Groceries
monthly service at comcast,213.57,2026-02-19,Utilities
delivery at ubereats,45.16,2026-02-05,Restaurants
kroger - weekly shopping,149.85,2026-02-05,Groceries
grocery at kroger,74.73,2026-03-01,Groceries
coffee at starbucks,15.93,2026-02-25,Restaurants
payment to rite aid for copay ref#3248,277.92,2026-02-24,Healthcare
crib at target,150.0,2026-02-03,Baby Items
payment to starbucks for breakfast,51.55,2026-02-28,Restaurants
check deposit # 1963,38.62,2026-02-13,Unknown
safeway - deli,132.76,2026-02-09,Groceries
albertsons - deli,101.67,2026-02-19,Groceries
game purchase at hulu,59.62,2026-02-01,Entertainment
venmo payment 2487,342.8,2026-02-13,Unknown
cable at spectrum,271.82,2026-02-10,Utilities
payment to disney plus for movie tickets ref#8800,67.92,2026-02-15,Entertainment
home depot purchase shoes ref#7926,289.63,2026-02-03,Shopping
pg&e - phone service ref#5399,242.33,2026-02-05,Utilities
payment to rite aid for checkup,500.0,2026-03-02,Healthcare
transit pass at parking garage,75.73,2026-02-27,Transportation
formula at target,150.0,2026-02-07,Baby Items
costco produce,169.23,2026-02-25,Groceries
steam streaming service,73.96,2026-02-04,Entertainment
parking fee at taxi,23.71,2026-02-02,Transportation
best buy - online order,144.72,2026-02-04,Shopping
home goods at best buy,276.73,2026-02-12,Shopping
kroger weekly shopping,52.1,2026-02-02,Groceries
water company monthly service,109.79,2026-02-20,Utilities
walmart - produce,228.14,2026-02-10,Groceries
baby lotion at walmart,84.14,2026-02-07,Baby Items
bakery at safeway ref#9081,204.7,2026-02-22,Groceries
lab work at urgent care,116.44,2026-02-20,Healthcare
whole foods purchase meat department,228.13,2026-03-01,Groceries
pacifier at target,37.82,2026-02-22,Baby Items
chevron purchase fuel ref#3457,62.07,2026-02-19,Transportation
walmart purchase stroller ref#8591,150.0,2026-02-27,Baby Items
deli at safeway,66.79,2026-02-19,Groceries
wire transfer 6787,154.65,2026-02-03,Unknown
medicine at dental office,108.85,2026-02-18,Healthcare
publix weekly shopping,58.15,2026-02-17,Groceries
payment to amc theaters for movie tickets,58.38,2026-03-02,Entertainment
prescription pickup at urgent care,393.65,2026-02-20,Healthcare
furniture at ikea ref#8287,322.39,2026-02-27,Shopping
steam streaming service ref#9616,64.2,2026-02-15,Entertainment
doordash - lunch ref#7699,59.53,2026-02-25,Restaurants
cash deposit 1766,302.16,2026-02-25,Unknown
target pacifier,66.59,2026-02-21,Baby Items
amc theaters purchase concert tickets,58.68,2026-02-24,Entertainment
lyft purchase parking fee,42.35,2026-02-16,Transportation
walmart purchase meat department,112.27,2026-02-18,Groceries
albertsons deli,223.69,2026-02-14,Groceries
parking garage - parking fee,45.94,2026-02-24,Transportation
payment to whole foods for grocery ref#7360,212.03,2026-02-05,Groceries
home goods at nike ref#1086,356.15,2026-02-28,Shopping
taxi purchase fuel,59.57,2026-02-01,Transportation
albertsons - bread milk eggs,250.0,2026-02-02,Groceries
whole foods deli,109.72,2026-02-07,Groceries
payment to olive garden for delivery,63.47,2026-02-10,Restaurants
dental office purchase checkup,152.12,2026-02-09,Healthcare
walmart weekly shopping,250.0,2026-02-08,Groceries
starbucks - takeout,41.57,2026-02-23,Restaurants
deli at walmart,167.33,2026-02-10,Groceries
check deposit # 7845,329.43,2026-02-21,Unknown
payment to doordash for dinner,42.06,2026-02-23,Restaurants
ikea clothing,383.26,2026-02-15,Shopping
amazon shoes ref#5990,191.95,2026-02-15,Shopping
checkup at walgreens ref#2206,126.07,2026-02-22,Healthcare
weekly shopping at publix,117.86,2026-02-18,Groceries
albertsons produce,132.79,2026-02-18,Groceries
coffee at chipotle,46.58,2026-02-15,Restaurants
payment to costco for weekly shopping,141.03,2026-02-23,Groceries
walmart onesie,58.3,2026-02-01,Baby Items
mcdonalds dinner,69.6,2026-02-17,Restaurants
clothing at best buy,142.62,2026-02-28,Shopping
costco - weekly shopping ref#9080,119.73,2026-02-10,Groceries
electronics at nike,400.0,2026-02-08,Shopping
dinner at ubereats ref#2226,21.8,2026-02-05,Restaurants
cvs pharmacy - prescription pickup,125.93,2026-02-25,Healthcare
steam purchase game purchase,91.43,2026-02-09,Entertainment
payment to trader joes for meat department,89.25,2026-02-26,Groceries
bakery at costco,67.51,2026-02-21,Groceries
payment to bp for fuel,33.71,2026-02-20,Transportation
payment to ubereats for takeout,23.35,2026-02-21,Restaurants
payment to kroger for meat department,250.0,2026-02-01,Groceries
rite aid - medicine,292.28,2026-02-05,Healthcare
parking fee at metro ref#6093,16.93,2026-02-25,Transportation
lyft purchase toll,93.16,2026-02-07,Transportation
payment to target for home goods,110.75,2026-02-03,Shopping
produce at whole foods,250.0,2026-02-10,Groceries
olive garden - takeout ref#5599,34.25,2026-02-24,Restaurants
x-ray at rite aid,183.27,2026-02-14,Healthcare
hospital lab work,306.69,2026-02-24,Healthcare
kroger - deli,226.76,2026-02-18,Groceries
dental office purchase checkup ref#9766,115.09,2026-02-15,Healthcare
pg&e monthly service,117.95,2026-02-11,Utilities
olive garden - coffee ref#2571,53.88,2026-02-20,Restaurants
taxi - ride to,81.12,2026-02-26,Transportation
nordstrom electronics,400.0,2026-02-24,Shopping
buybuybaby purchase baby food,74.38,2026-02-25,Baby Items
zelle transfer 9972,76.35,2026-02-05,Unknown
payment to amazon for online order,192.45,2026-02-17,Shopping
payment to doordash for dinner ref#1839,67.32,2026-02-25,Restaurants
trader joes - produce,250.0,2026-03-01,Groceries
whole foods purchase bread milk eggs,78.42,2026-02-19,Groceries
hulu movie tickets,82.06,2026-02-04,Entertainment
amazon home goods,316.31,2026-02-13,Shopping
whole foods weekly shopping,250.0,2026-02-22,Groceries
disney plus movie tickets,50.66,2026-02-11,Entertainment
buybuybaby onesie,150.0,2026-02-04,Baby Items
subway delivery ref#5479,21.79,2026-02-11,Restaurants
costco bakery ref#1343,168.25,2026-02-07,Groceries
payment to hospital for copay ref#5235,180.51,2026-02-06,Healthcare
verizon - phone service,229.36,2026-02-26,Utilities
chipotle - delivery,43.93,2026-02-16,Restaurants
att - monthly service ref#8532,173.02,2026-02-08,Utilities
payment to home depot for electronics ref#7320,136.32,2026-02-10,Shopping
pizza hut - coffee,22.49,2026-02-13,Restaurants
chipotle takeout ref#7858,50.8,2026-02-16,Restaurants
consultation fee at dental office ref#5728,208.19,2026-02-03,Healthcare
payment to amc theaters for game purchase,114.0,2026-02-13,Entertainment
macys - online order,261.27,2026-02-28,Shopping
parking garage gas,88.22,2026-02-28,Transportation
shell - gas,24.91,2026-02-14,Transportation
spectrum purchase bill payment ref#4449,130.04,2026-02-23,Utilities
walmart bottles,85.2,2026-02-13,Baby Items
costco purchase bakery,140.59,2026-02-26,Groceries
nordstrom home goods ref#3860,153.83,2026-02-11,Shopping
walgreens x-ray,291.95,2026-02-01,Healthcare
gas at metro,35.64,2026-03-01,Transportation
starbucks purchase coffee ref#1297,72.79,2026-02-24,Restaurants
fuel at uber,100.0,2026-02-05,Transportation
dinner at chipotle,53.31,2026-02-10,Restaurants
whole foods purchase bakery,45.94,2026-02-25,Groceries
payment to disney plus for movie tickets ref#3945,134.0,2026-02-19,Entertainment
dental office - consultation fee,263.65,2026-02-17,Healthcare
electronics at nordstrom,79.93,2026-03-01,Shopping
doordash - lunch,35.88,2026-02-28,Restaurants
game purchase at netflix,95.33,2026-02-19,Entertainment
rite aid checkup,150.83,2026-02-08,Healthcare
payment to walmart for crib ref#4317,84.51,2026-02-07,Baby Items
costco - deli,130.03,2026-02-01,Groceries
subway dinner,26.11,2026-02-28,Restaurants
verizon - phone service,135.18,2026-02-18,Utilities
safeway purchase bakery ref#1056,196.71,2026-02-09,Groceries
dr smith clinic purchase lab work,200.05,2026-02-09,Healthcare
olive garden - breakfast ref#3137,66.59,2026-02-05,Restaurants
shell purchase toll,84.03,2026-02-27,Transportation
metro transit pass ref#9069,61.44,2026-02-20,Transportation
payment to concert venue for monthly subscription ref#1979,42.59,2026-02-12,Entertainment
payment to whole foods for bakery,188.92,2026-02-17,Groceries
ride to at chevron ref#3088,67.58,2026-02-11,Transportation
game purchase at concert venue,93.06,2026-02-22,Entertainment
playstation purchase concert tickets,150.0,2026-02-23,Entertainment
home depot - furniture,290.96,2026-02-08,Shopping
consultation fee at walgreens,189.85,2026-02-23,Healthcare
game purchase at amc theaters ref#4609,66.26,2026-02-03,Entertainment
payment to nike for clothing,145.97,2026-02-24,Shopping
macys purchase furniture,70.73,2026-02-19,Shopping
payment to urgent care for x-ray ref#4319,290.93,2026-03-02,Healthcare
macys shoes,366.33,2026-03-01,Shopping
pg&e - internet,165.34,2026-02-28,Utilities
payment to chipotle for takeout,80.0,2026-02-14,Restaurants
publix bakery,75.69,2026-02-19,Groceries
comcast - monthly service,158.03,2026-02-21,Utilities
payment to hospital for copay,193.84,2026-02-06,Healthcare
target - baby lotion ref#1371,116.0,2026-02-17,Baby Items
payment to albertsons for bakery,96.86,2026-02-26,Groceries
concert tickets at netflix ref#5756,141.77,2026-02-10,Entertainment
steam concert tickets ref#9097,97.64,2026-02-17,Entertainment
netflix - streaming service,94.82,2026-03-01,Entertainment
onesie at babies r us ref#7487,46.71,2026-02-23,Baby Items
trader joes purchase weekly shopping ref#9040,77.8,2026-02-07,Groceries
att - cable ref#9382,82.29,2026-02-06,Utilities
costco weekly shopping,87.73,2026-03-02,Groceries
medicine at cvs pharmacy,276.31,2026-02-07,Healthcare
walmart purchase pacifier,95.02,2026-02-22,Baby Items
amc theaters purchase game purchase,63.06,2026-02-27,Entertainment
meat department at trader joes,201.71,2026-02-22,Groceries
deli at albertsons ref#4598,139.17,2026-02-12,Groceries
shoes at nike,192.38,2026-02-13,Shopping
movie tickets at hulu,45.49,2026-02-27,Entertainment
lunch at starbucks,62.96,2026-02-08,Restaurants
coffee at starbucks,80.0,2026-02-14,Restaurants
nordstrom - furniture ref#2227,267.4,2026-02-18,Shopping
payment to whole foods for deli,228.01,2026-02-07,Groceries
doordash dinner ref#3252,41.13,2026-02-23,Restaurants
ikea purchase furniture ref#7647,354.63,2026-02-08,Shopping
costco - meat department ref#7291,250.0,2026-02-13,Groceries
ubereats - coffee,24.24,2026-02-17,Restaurants
payment to target for furniture,154.91,2026-02-27,Shopping
x-ray at dr smith clinic,312.46,2026-02-06,Healthcare
dinner at olive garden,25.41,2026-02-17,Restaurants
payment to publix for produce,89.96,2026-02-15,Groceries
payment to parking garage for gas ref#3028,64.69,2026-02-26,Transportation
payment to trader joes for meat department,114.81,2026-02-04,Groceries
payment to trader joes for bread milk eggs ref#1646,109.57,2026-02-27,Groceries
best buy purchase home goods,141.08,2026-02-15,Shopping
whole foods weekly shopping ref#4803,114.84,2026-02-15,Groceries
walmart - bakery,76.97,2026-02-02,Groceries
cvs pharmacy - copay,500.0,2026-02-21,Healthcare
ubereats - breakfast,65.77,2026-02-19,Restaurants
trader joes - bakery,173.49,2026-02-13,Groceries
mobile deposit 5797,437.24,2026-02-01,Unknown
cvs pharmacy purchase prescription pickup,403.81,2026-02-02,Healthcare
albertsons - bread milk eggs,181.57,2026-02-26,Groceries
bakery at publix,108.67,2026-02-27,Groceries
whole foods purchase grocery ref#6646,250.0,2026-02-08,Groceries
payment to walmart for crib,150.0,2026-02-22,Baby Items
bp - transit pass,66.1,2026-02-04,Transportation
takeout at pizza hut,27.5,2026-02-21,Restaurants
disney plus monthly subscription,81.48,2026-02-24,Entertainment
walmart produce,250.0,2026-02-01,Groceries
hospital consultation fee ref#8409,242.18,2026-02-24,Healthcare
kroger purchase deli,47.78,2026-02-11,Groceries
dental office - x-ray,76.95,2026-02-18,Healthcare
dental office purchase x-ray,238.43,2026-02-09,Healthcare
formula at target ref#2554,143.11,2026-02-22,Baby Items
disney plus concert tickets ref#4362,102.45,2026-02-23,Entertainment
mobile deposit 2668,49.83,2026-02-04,Unknown
whole foods purchase bakery,142.02,2026-02-14,Groceries
cvs pharmacy - consultation fee ref#2285,440.34,2026-02-22,Healthcare
delivery at doordash,80.0,2026-02-08,Restaurants
payment to subway for takeout,44.76,2026-02-16,Restaurants
doordash - dinner ref#6743,39.01,2026-02-27,Restaurants
bread milk eggs at trader joes ref#8523,157.55,2026-02-19,Groceries
delivery at chipotle ref#3079,36.28,2026-02-12,Restaurants
best buy purchase shoes,215.32,2026-02-17,Shopping
hospital consultation fee,124.51,2026-02-06,Healthcare
bp purchase fuel,100.0,2026-02-14,Transportation
buybuybaby - crib,43.47,2026-02-15,Baby Items
parking garage purchase fuel ref#1586,33.01,2026-02-19,Transportation
ride to at metro,73.01,2026-02-06,Transportation
prescription pickup at cvs pharmacy,484.84,2026-02-02,Healthcare
steam purchase streaming service,80.32,2026-02-17,Entertainment
meat department at trader joes,158.45,2026-02-20,Groceries
dinner at chipotle ref#5157,20.72,2026-02-02,Restaurants
ubereats purchase coffee,20.67,2026-02-02,Restaurants
payment to hulu for monthly subscription,74.85,2026-02-16,Entertainment
parking garage ride to,100.0,2026-02-13,Transportation
payment to disney plus for concert tickets,78.55,2026-02-22,Entertainment
movie tickets at netflix ref#9643,39.55,2026-02-05,Entertainment
taxi purchase gas ref#1344,100.0,2026-02-02,Transportation
payment to ubereats for breakfast ref#6332,34.46,2026-02-01,Restaurants
subway purchase lunch,80.0,2026-02-15,Restaurants
payment to amazon for onesie,45.76,2026-02-09,Baby Items
payment to publix for bread milk eggs,108.07,2026-02-26,Groceries
payment to disney plus for monthly subscription,150.0,2026-02-20,Entertainment
payment to nike for clothing,252.44,2026-02-21,Shopping
payment to subway for breakfast ref#5281,46.54,2026-02-09,Restaurants
formula at amazon,44.56,2026-02-16,Baby Items
walmart - deli,79.45,2026-02-23,Groceries
publix produce ref#2881,102.16,2026-02-03,Groceries
payment to electric company for monthly service,300.0,2026-02-03,Utilities
grocery at albertsons ref#1272,172.31,2026-02-18,Groceries
online order at nike ref#5876,155.55,2026-02-14,Shopping
steam - game purchase,78.61,2026-02-14,Entertainment
payment to buybuybaby for baby food ref#9221,54.23,2026-02-05,Baby Items
gas at lyft,65.39,2026-02-18,Transportation
cash deposit 3196,312.76,2026-02-26,Unknown
gas at bp,37.24,2026-02-09,Transportation
urgent care purchase checkup,199.68,2026-02-02,Healthcare
fuel at chevron ref#8046,50.54,2026-02-17,Transportation
mobile deposit 1275,157.86,2026-02-24,Unknown
mobile deposit 9732,119.96,2026-02-07,Unknown
payment to kroger for produce ref#3824,106.91,2026-02-23,Groceries
bp purchase gas,80.62,2026-02-18,Transportation
lyft - toll,34.85,2026-02-23,Transportation
netflix game purchase,62.43,2026-03-02,Entertainment
hulu - movie tickets,94.02,2026-02-20,Entertainment
chipotle purchase dinner ref#5485,51.71,2026-02-15,Restaurants
payment to acme corp 8788,190.48,2026-02-14,Unknown
payment to albertsons for bread milk eggs,133.83,2026-02-05,Groceries
wire transfer 4200,132.47,2026-02-01,Unknown
delivery at olive garden,80.0,2026-02-21,Restaurants
copay at cvs pharmacy,395.44,2026-03-01,Healthcare
lyft purchase toll,89.76,2026-02-03,Transportation
ikea - clothing ref#8073,315.48,2026-02-01,Shopping
uber - fuel,100.0,2026-02-08,Transportation
lunch at doordash ref#7207,38.07,2026-02-18,Restaurants
payment to water company for phone service,232.0,2026-02-19,Utilities
chipotle breakfast,35.64,2026-02-15,Restaurants
metro parking fee ref#6509,47.19,2026-02-13,Transportation
water company bill payment ref#2612,249.93,2026-02-16,Utilities
costco grocery,147.92,2026-02-24,Groceries
payment to urgent care for copay,186.61,2026-02-10,Healthcare
payment to cvs pharmacy for checkup,500.0,2026-02-03,Healthcare
doordash coffee,42.39,2026-02-25,Restaurants
starbucks takeout ref#2090,30.84,2026-02-15,Restaurants
electronics at best buy,231.06,2026-02-16,Shopping
kroger purchase weekly shopping,61.45,2026-02-02,Groceries
payment to spectrum for phone service,146.85,2026-02-21,Utilities
payment to whole foods for weekly shopping ref#3017,250.0,2026-02-03,Groceries
coffee at pizza hut ref#1728,22.11,2026-02-06,Restaurants
spotify purchase game purchase,18.67,2026-02-25,Entertainment
hospital medicine,301.64,2026-03-02,Healthcare
starbucks - lunch,18.13,2026-02-22,Restaurants
trader joes purchase grocery ref#2219,82.31,2026-02-24,Groceries
ubereats - breakfast ref#3492,40.44,2026-02-08,Restaurants
cash deposit 4976,18.96,2026-02-06,Unknown
electric company monthly service ref#6365,85.72,2026-02-07,Utilities
shell - parking fee ref#2290,74.8,2026-02-18,Transportation
payment to pizza hut for delivery ref#6657,69.27,2026-02-23,Restaurants
bread milk eggs at albertsons,221.17,2026-02-04,Groceries
electric company purchase bill payment,146.39,2026-02-20,Utilities
lyft parking fee,59.68,2026-02-05,Transportation
kroger purchase bread milk eggs ref#4290,166.79,2026-02-28,Groceries
consultation fee at dr smith clinic,417.16,2026-02-28,Healthcare
payment to babies r us for pacifier,50.82,2026-02-17,Baby Items
payment to amazon for furniture,82.18,2026-03-02,Shopping
safeway - bread milk eggs,128.79,2026-02-06,Groceries
taxi purchase toll ref#3551,64.4,2026-02-07,Transportation
babies r us purchase stroller,61.65,2026-02-07,Baby Items
ubereats purchase lunch,79.33,2026-02-18,Restaurants
taxi purchase transit pass,29.18,2026-02-10,Transportation
payment to bp for gas,100.0,2026-02-09,Transportation
fuel at uber,26.32,2026-02-22,Transportation
transfer to john doe 6113,325.15,2026-02-12,Unknown
nike purchase electronics,157.32,2026-02-04,Shopping
parking garage - ride to ref#9355,100.0,2026-02-11,Transportation
parking fee at parking garage ref#9385,84.64,2026-02-10,Transportation
buybuybaby - stroller ref#5353,81.23,2026-02-20,Baby Items
concert tickets at netflix,28.24,2026-02-15,Entertainment
payment to nike for electronics,347.19,2026-02-19,Shopping
payment to amc theaters for game purchase,24.62,2026-02-06,Entertainment
lab work at cvs pharmacy ref#1489,354.36,2026-02-02,Healthcare
payment to amazon for pacifier ref#4646,77.32,2026-02-25,Baby Items
starbucks - coffee,69.94,2026-02-12,Restaurants
taxi purchase fuel,51.55,2026-02-16,Transportation
crib at amazon,119.17,2026-02-12,Baby Items
costco purchase meat department ref#5341,250.0,2026-02-02,Groceries
lyft parking fee,33.38,2026-03-01,Transportation
pizza hut lunch,24.28,2026-02-15,Restaurants
whole foods grocery ref#3805,88.0,2026-02-18,Groceries
doordash - delivery,37.17,2026-02-12,Restaurants
urgent care purchase prescription pickup,268.29,2026-02-05,Healthcare
walmart deli,130.18,2026-02-16,Groceries
cable at verizon,250.11,2026-02-19,Utilities
